SK,ID,SALUTATION,FIRST_NAME,LAST_NAME,BIRTH_DAY,BIRTH_MONTH,BIRTH_YEAR,BIRTH_COUNTRY,EMAIL
58822019,AAAAAAAADINIBIDA,Sir,Ronald,Emerson,8,3,1977,NIGERIA,Ronald.Emerson@j6L9EE.org
58822020,AAAAAAAAEINIBIDA,,Jeff,,,12,1946,GUINEA,
58822021,AAAAAAAAFINIBIDA,Ms.,Arthur,Lacy,3,2,1988,BELARUS,Arthur.Lacy@6xgJ.com
58822022,AAAAAAAAGINIBIDA,Ms.,Erna,Coleman,3,7,1965,RWANDA,Erna.Coleman@xrSrL47XjPbdkG.org
58822023,AAAAAAAAHINIBIDA,Sir,Jorge,Moon,10,5,1940,YEMEN,Jorge.Moon@cHIuj72rJtK7OB.org
58822024,AAAAAAAAIINIBIDA,Mr.,John,Place,29,4,1939,MOZAMBIQUE,John.Place@Rlg9Hzy5vQdeqvMG.edu
58822025,AAAAAAAAJINIBIDA,Mrs.,Veronica,Poole,9,12,1988,NEW ZEALAND,Veronica.Poole@1aSSEje1U6.com
58822026,AAAAAAAAKINIBIDA,Miss,Davida,Copeland,21,7,1973,NETHERLANDS,Davida.Copeland@4CoYASxE35t.org
58822027,AAAAAAAALINIBIDA,Sir,Keith,Hansen,30,7,1964,GUERNSEY,Keith.Hansen@nu0Y.edu
58822028,AAAAAAAAMINIBIDA,Sir,Donald,Salazar,23,5,1981,MEXICO,Donald.Salazar@qDKNDnn33pOiKVYYXVm.com
58822029,AAAAAAAANINIBIDA,Mrs.,Angela,Martinez,19,2,1930,CANADA,Angela.Martinez@t5rufp9ojMF.org
58822030,AAAAAAAAOINIBIDA,Miss,Mattie,Hunt,2,2,1950,INDIA,Mattie.Hunt@2HNnGTBqgV.com
58822031,AAAAAAAAPINIBIDA,Miss,Marge,Wright,28,4,1939,SOLOMON ISLANDS,Marge.Wright@jcAV31Orb.com
58822032,AAAAAAAAAJNIBIDA,Ms.,Dorothy,Williams,20,8,1967,CHRISTMAS ISLAND,Dorothy.Williams@P8Vcb30gZmIR8o.org
58822033,AAAAAAAABJNIBIDA,Dr.,William,,,7,,GUERNSEY,
58822034,AAAAAAAACJNIBIDA,Sir,Mark,Byrnes,11,3,1948,CROATIA,Mark.Byrnes@pXyc.org
58822035,AAAAAAAADJNIBIDA,Dr.,Jason,King,2,11,1925,VANUATU,Jason.King@qzku.edu
58822036,AAAAAAAAEJNIBIDA,Ms.,Terri,Quinn,22,10,1968,THAILAND,Terri.Quinn@qL0FTNYGTr.org
58822037,AAAAAAAAFJNIBIDA,Mrs.,Ruby,Townsend,15,1,1953,NIGER,Ruby.Townsend@QKc0b.com
58822038,AAAAAAAAGJNIBIDA,Mrs.,Lakeesha,Sweet,31,3,1941,ROMANIA,Lakeesha.Sweet@R1UR.edu
58822039,AAAAAAAAHJNIBIDA,Miss,Iva,Mercado,27,11,1967,PERU,Iva.Mercado@l9YKVURrafyflz0.com
58822040,AAAAAAAAIJNIBIDA,Dr.,Margaret,Pena,3,6,1943,MALAWI,Margaret.Pena@syhIn9.edu
58822041,AAAAAAAAJJNIBIDA,Ms.,Angelia,Cruz,1,4,1964,DJIBOUTI,Angelia.Cruz@PhkgiB5gXJyJBcG1gjl.edu
58822042,AAAAAAAAKJNIBIDA,Sir,Herman,Parker,1,7,1944,SWITZERLAND,Herman.Parker@EX.org
58822043,AAAAAAAALJNIBIDA,Mrs.,Katherine,Ruffin,11,10,1924,ARGENTINA,Katherine.Ruffin@V3TeVmp4.com
58822044,AAAAAAAAMJNIBIDA,Mr.,Jason,Brock,19,1,1958,LESOTHO,Jason.Brock@RpMfbQ9pAXt.edu
58822045,AAAAAAAANJNIBIDA,Dr.,Jonathan,Smith,28,1,1940,MOZAMBIQUE,Jonathan.Smith@FXjcL6BPvmf.com
58822046,AAAAAAAAOJNIBIDA,Mr.,Jeffrey,Washington,9,2,1973,GEORGIA,Jeffrey.Washington@n4uYRXOJZql.org
58822047,AAAAAAAAPJNIBIDA,Miss,Brenda,Williams,26,9,1984,GUADELOUPE,Brenda.Williams@1KLgScxTxfsQIlmfO.com
58822048,AAAAAAAAAKNIBIDA,Miss,Lindy,Pope,28,4,1936,BANGLADESH,Lindy.Pope@dE5lBnSUnApTZy.org
58822049,AAAAAAAABKNIBIDA,Sir,Bobby,Wolf,5,4,1960,MALI,Bobby.Wolf@P.org
58822050,AAAAAAAACKNIBIDA,Sir,Felix,Harper,5,11,1969,MONGOLIA,Felix.Harper@IhQenRRvs4kTj8EoO.org
58822051,AAAAAAAADKNIBIDA,Miss,Sabrina,Boyd,1,4,1986,JAPAN,Sabrina.Boyd@zjaJ0L5i.com
58822052,AAAAAAAAEKNIBIDA,Ms.,Grace,Drummond,1,1,1958,SURINAME,Grace.Drummond@irUoYQvi.com
58822053,AAAAAAAAFKNIBIDA,Mr.,Clifford,Schwartz,28,1,1948,PAKISTAN,Clifford.Schwartz@EFgsaLl.org
58822054,AAAAAAAAGKNIBIDA,Mr.,Christopher,Taylor,10,7,1976,UGANDA,Christopher.Taylor@qDZ8Qzf0UXu.com
58822055,AAAAAAAAHKNIBIDA,Mrs.,Marian,Davila,14,6,1963,MAYOTTE,Marian.Davila@QPSM9fpp1.org
58822056,AAAAAAAAIKNIBIDA,Dr.,Carl,Barnett,1,5,1924,HONDURAS,Carl.Barnett@kMED.edu
58822057,AAAAAAAAJKNIBIDA,Sir,Ernest,Quigley,31,7,1927,SAMOA,Ernest.Quigley@gj0.edu
58822058,AAAAAAAAKKNIBIDA,Ms.,Edith,Schultz,23,4,1927,SLOVAKIA,Edith.Schultz@IRqMYBAspc.com
58822059,AAAAAAAALKNIBIDA,Miss,Pamela,Hancock,12,3,1988,NEW CALEDONIA,Pamela.Hancock@Hc0VgYp7uLoyf.com
58822060,AAAAAAAAMKNIBIDA,Mrs.,Ingrid,Williams,23,12,1948,VENEZUELA,Ingrid.Williams@3MC.edu
58822061,AAAAAAAANKNIBIDA,Ms.,Bertha,Marshall,21,3,1979,MONTENEGRO,Bertha.Marshall@jzsdbhB0E.edu
58822062,AAAAAAAAOKNIBIDA,Dr.,Kenneth,Mills,26,5,1957,NAURU,Kenneth.Mills@Pl8EEyoTdQS.edu
58822063,AAAAAAAAPKNIBIDA,Ms.,Elizabeth,Mills,27,1,1949,MOZAMBIQUE,Elizabeth.Mills@XU1Bedq.edu
58822064,AAAAAAAAALNIBIDA,,Helen,Morris,,4,1979,,
58822065,AAAAAAAABLNIBIDA,Ms.,Gwen,Wilkinson,28,6,1981,MYANMAR,Gwen.Wilkinson@FvES1qr57bErMV.org
58822066,AAAAAAAACLNIBIDA,Sir,Leroy,Castro,11,1,1966,MEXICO,Leroy.Castro@B5mJmn91.org
58822067,AAAAAAAADLNIBIDA,Ms.,Sarah,Young,3,2,1985,WALLIS AND FUTUNA,Sarah.Young@QIYS29FY1Eqh5XV.org
58822068,AAAAAAAAELNIBIDA,Dr.,Donna,Hoover,25,3,1980,MYANMAR,Donna.Hoover@zH3a.com
58822069,AAAAAAAAFLNIBIDA,Miss,Anthony,Allen,17,7,1982,LESOTHO,Anthony.Allen@if2lB.edu
58822070,AAAAAAAAGLNIBIDA,Dr.,Heather,Hunter,4,5,1970,ANTARCTICA,Heather.Hunter@0RgczxdhEBYXk.org
58822071,AAAAAAAAHLNIBIDA,Sir,Gary,Conn,27,7,1985,ANTIGUA AND BARBUDA,Gary.Conn@jDesy9UozQcs8t.org
58822072,AAAAAAAAILNIBIDA,Dr.,Victoria,Harris,9,5,1954,MALTA,Victoria.Harris@jeDUpDgFvIbNYZISGj.org
58822073,AAAAAAAAJLNIBIDA,Sir,Peter,Peterson,13,1,1938,ZAMBIA,Peter.Peterson@yyozyG6.edu
58822074,AAAAAAAAKLNIBIDA,Dr.,Olive,Andrews,9,5,1936,WESTERN SAHARA,Olive.Andrews@HrGX4GE.com
58822075,AAAAAAAALLNIBIDA,Dr.,Ryan,Lim,15,3,1986,SEYCHELLES,Ryan.Lim@7IVDVXbUnN.org
58822076,AAAAAAAAMLNIBIDA,Dr.,Jerry,Turner,8,7,1937,ANTIGUA AND BARBUDA,Jerry.Turner@jAraFbFLuPV.org
58822077,AAAAAAAANLNIBIDA,Mr.,George,Garrett,11,2,1970,MACAO,George.Garrett@JKN3ur0GhsrXN.com
58822078,AAAAAAAAOLNIBIDA,Miss,Melissa,Boggs,26,1,1970,GUAM,Melissa.Boggs@dY0FVQz.com
58822079,AAAAAAAAPLNIBIDA,Mr.,Timothy,Davis,29,12,1939,SAUDI ARABIA,Timothy.Davis@LlP0g5ere3a4.org
58822080,AAAAAAAAAMNIBIDA,Sir,Edward,Farris,15,2,1970,SAUDI ARABIA,Edward.Farris@cs2vsDko6.edu
58822081,AAAAAAAABMNIBIDA,Dr.,Juan,Myrick,3,5,1975,ARMENIA,Juan.Myrick@64Vf.org
58822082,AAAAAAAACMNIBIDA,Mr.,Darius,Dangelo,28,7,1925,VANUATU,Darius.Dangelo@VI0ksOPqH5D.org
58822083,AAAAAAAADMNIBIDA,Ms.,Esther,Smith,11,5,1969,SYRIAN ARAB REPUBLIC,Esther.Smith@brU1Db.edu
58822084,AAAAAAAAEMNIBIDA,,Albert,,16,11,1981,,
58822085,AAAAAAAAFMNIBIDA,Mrs.,Katherine,Coffman,15,1,1947,JAPAN,Katherine.Coffman@m.com
58822086,AAAAAAAAGMNIBIDA,Mr.,Clarence,Watson,6,3,1974,NIGERIA,Clarence.Watson@v.org
58822087,AAAAAAAAHMNIBIDA,Miss,Matilde,Mcclure,23,1,1952,SOMALIA,Matilde.Mcclure@RMpXoccyL.org
58822088,AAAAAAAAIMNIBIDA,Mr.,Rickey,Cisneros,15,1,1986,DOMINICA,Rickey.Cisneros@iRvn7nJvmRrp.edu
58822089,AAAAAAAAJMNIBIDA,Ms.,Mildred,Bland,14,9,1924,BURUNDI,Mildred.Bland@9elZJcHToMkji.edu
58822090,AAAAAAAAKMNIBIDA,Ms.,,Lim,,,,,
58822091,AAAAAAAALMNIBIDA,Miss,Janet,Moore,18,10,1969,BENIN,Janet.Moore@T17.com
58822092,AAAAAAAAMMNIBIDA,Mr.,Thomas,Parker,7,3,1946,LITHUANIA,Thomas.Parker@kSSF7yXv3.org
58822093,AAAAAAAANMNIBIDA,Dr.,Terry,Rich,17,1,1958,MOROCCO,Terry.Rich@FVKimyEn77D11.com
58822094,AAAAAAAAOMNIBIDA,Dr.,Amelia,Price,23,6,1944,VIET NAM,Amelia.Price@6NInOXaEdA6trkr.edu
58822095,AAAAAAAAPMNIBIDA,Sir,Scott,Gibbs,27,7,1989,TOKELAU,Scott.Gibbs@qiLK5M.com
58822096,AAAAAAAAANNIBIDA,Mrs.,Sue,Reeves,29,9,1969,LITHUANIA,Sue.Reeves@xTjA.org
58822097,AAAAAAAABNNIBIDA,Dr.,Helen,Hudson,9,10,1972,JAMAICA,Helen.Hudson@ZH.edu
58822098,AAAAAAAACNNIBIDA,Mrs.,Megan,Rose,14,12,1948,PAKISTAN,Megan.Rose@ifZnO.com
58822099,AAAAAAAADNNIBIDA,Miss,Amanda,Ewing,12,3,1957,PANAMA,Amanda.Ewing@RAKf89FUDIB0c.org
58822100,AAAAAAAAENNIBIDA,Mr.,Peter,Carson,26,3,1988,FRANCE,Peter.Carson@bcT85yq.edu
58822101,AAAAAAAAFNNIBIDA,Mr.,Christopher,Hinkle,7,9,1991,QATAR,Christopher.Hinkle@VpY2FC965vE6DBA2vX.edu
58822102,AAAAAAAAGNNIBIDA,Sir,Kenneth,Eldridge,22,2,1966,UGANDA,Kenneth.Eldridge@IqYODiXOEU8TST.org
58822103,AAAAAAAAHNNIBIDA,Mrs.,Lisa,Smith,9,8,1929,MOZAMBIQUE,Lisa.Smith@gTe2qL38Ey2Ero.org
58822104,AAAAAAAAINNIBIDA,Dr.,Sarah,Merrick,15,1,1933,CAMEROON,Sarah.Merrick@QASnY0qf14ekiiAA7h.com
58822105,AAAAAAAAJNNIBIDA,Dr.,Denise,Hewitt,12,4,1979,MONTSERRAT,Denise.Hewitt@lJpE2E99s.com
58822106,AAAAAAAAKNNIBIDA,Mr.,John,Hand,4,11,1941,BELGIUM,John.Hand@j3FV4r5MjN3TY5.org
58822107,AAAAAAAALNNIBIDA,Sir,Vaughn,Seibert,12,12,1975,BURUNDI,Vaughn.Seibert@5mCf5IzitzCz.org
58822108,AAAAAAAAMNNIBIDA,Dr.,Cynthia,Terry,20,11,1961,KENYA,Cynthia.Terry@Dft.edu
58822109,AAAAAAAANNNIBIDA,Miss,Esther,Jackson,24,7,1929,ECUADOR,Esther.Jackson@XTBSStCNA8Pg.org
58822110,AAAAAAAAONNIBIDA,Dr.,Robert,Wells,29,9,1955,MONGOLIA,Robert.Wells@LvizQATDmr8j9dAiOK.com
58822111,AAAAAAAAPNNIBIDA,Miss,Valerie,,,12,1951,SOUTH AFRICA,Valerie.Vance@P3.com
58822112,AAAAAAAAAONIBIDA,Ms.,Norma,James,,1,,,Norma.James@meREscc4GuYO.org
58822113,AAAAAAAABONIBIDA,Sir,Robert,Berry,3,7,1937,"VIRGIN ISLANDS, U.S.",Robert.Berry@oHvQh3Du8MZY.edu
58822114,AAAAAAAACONIBIDA,Ms.,Elizabeth,Scott,3,8,1932,OMAN,Elizabeth.Scott@JMM.org
58822115,AAAAAAAADONIBIDA,Dr.,Jack,Baker,15,9,1926,MONGOLIA,Jack.Baker@rSnb.edu
58822116,AAAAAAAAEONIBIDA,Ms.,Kendra,Rawlings,8,7,1974,RWANDA,Kendra.Rawlings@q2Ec.com
58822117,AAAAAAAAFONIBIDA,Dr.,Tequila,Cooper,13,6,1987,SIERRA LEONE,Tequila.Cooper@8UrrycNnP9X.org
58822118,AAAAAAAAGONIBIDA,Miss,Lorraine,Mueller,27,10,1958,BARBADOS,Lorraine.Mueller@8QXIzRHynAPy4qF.org
58822119,AAAAAAAAHONIBIDA,Mr.,Leo,Derr,9,10,1957,INDONESIA,Leo.Derr@3seDpo.edu
58822120,AAAAAAAAIONIBIDA,Mr.,Richard,Carter,27,10,1985,ANGUILLA,Richard.Carter@PfiGQa.org
58822121,AAAAAAAAJONIBIDA,Mr.,Brett,Flynn,11,8,1990,NAURU,Brett.Flynn@VrF2tZD2S.org
58822122,AAAAAAAAKONIBIDA,Sir,Joshua,Olsen,30,9,1960,PANAMA,Joshua.Olsen@roj0vIuXIm.com
58822123,AAAAAAAALONIBIDA,Mr.,Kim,Elkins,7,2,1952,ARMENIA,Kim.Elkins@BUK.edu
58822124,AAAAAAAAMONIBIDA,Dr.,John,Warren,23,3,1926,KUWAIT,John.Warren@czy.com
58822125,AAAAAAAANONIBIDA,Dr.,John,Mathis,5,8,1924,NEPAL,John.Mathis@cnfUSqHO382o.org
58822126,AAAAAAAAOONIBIDA,Ms.,Candance,Mejia,28,2,1940,PARAGUAY,Candance.Mejia@oPKYaDdqr3BVI.com
58822127,AAAAAAAAPONIBIDA,Mr.,Norman,Mcbride,27,2,1983,CAMBODIA,Norman.Mcbride@3TvZl80yr3ivI.edu
58822128,AAAAAAAAAPNIBIDA,Ms.,Barbara,Seay,30,9,1982,COMOROS,Barbara.Seay@Xrb9INLH5JLfhuDZURdM.edu
58822129,AAAAAAAABPNIBIDA,Dr.,,,,10,,SWAZILAND,
58822130,AAAAAAAACPNIBIDA,Ms.,Rosalee,Sheffield,31,3,1961,QATAR,Rosalee.Sheffield@ettVxYxVlgYvrQH48o.edu
58822131,AAAAAAAADPNIBIDA,,Sharon,Bishop,,10,,,Sharon.Bishop@s5yVTV.edu
58822132,AAAAAAAAEPNIBIDA,Miss,Jo,Hoffman,9,1,1957,"VIRGIN ISLANDS, U.S.",Jo.Hoffman@1C955AeuHylB3.edu
58822133,AAAAAAAAFPNIBIDA,Sir,Dennis,Moore,2,5,1974,NETHERLANDS ANTILLES,Dennis.Moore@jL.org
58822134,AAAAAAAAGPNIBIDA,Miss,Denise,Radford,13,10,1966,AUSTRALIA,Denise.Radford@Kbs22YUC2Zj.org
58822135,AAAAAAAAHPNIBIDA,Miss,Debra,Gordon,27,11,1946,GREECE,Debra.Gordon@2QJqSmAjs0j.com
58822136,AAAAAAAAIPNIBIDA,Ms.,Gloria,Russell,13,8,1941,YEMEN,Gloria.Russell@vPS6fsjuMy.com
58822137,AAAAAAAAJPNIBIDA,Mr.,Francis,King,17,1,1985,FINLAND,Francis.King@mtJVpso.com
58822138,AAAAAAAAKPNIBIDA,Miss,Susan,Henderson,12,3,1942,LEBANON,Susan.Henderson@LbfkaTR1n5iJ.edu
58822139,AAAAAAAALPNIBIDA,Sir,Jose,Williams,29,6,1992,NORFOLK ISLAND,Jose.Williams@xnyOjk7F699iMr.org
58822140,AAAAAAAAMPNIBIDA,Mr.,Charles,Bailey,29,7,1949,DENMARK,Charles.Bailey@DnetdenbPF1Vi.org
58822141,AAAAAAAANPNIBIDA,Miss,Arlene,Starks,12,4,1983,BAHAMAS,Arlene.Starks@hAHnm.edu
58822142,AAAAAAAAOPNIBIDA,Dr.,Gary,Mackey,29,12,1992,KYRGYZSTAN,Gary.Mackey@dId2EgITP.edu
58822143,AAAAAAAAPPNIBIDA,Mrs.,Regina,Huston,11,7,1964,SPAIN,Regina.Huston@XnMNUGTS3J3L.com
58822144,AAAAAAAAAAOIBIDA,Dr.,Carrie,Blankenship,11,11,1979,KYRGYZSTAN,Carrie.Blankenship@ZNho3oKppKKbf.org
58822145,AAAAAAAABAOIBIDA,Miss,Linda,Waller,2,6,1986,ITALY,Linda.Waller@2z3M.org
58822146,AAAAAAAACAOIBIDA,Ms.,Jada,Charles,21,1,1974,TUNISIA,Jada.Charles@7hzkm8vR1vA4.com
58822147,AAAAAAAADAOIBIDA,Sir,Charles,Mullis,5,3,1942,ANGOLA,Charles.Mullis@E0Pv.edu
58822148,AAAAAAAAEAOIBIDA,Dr.,Inez,Thomas,29,3,1940,CUBA,Inez.Thomas@mHlx1irdqThXjPqD.edu
58822149,AAAAAAAAFAOIBIDA,Miss,Elaine,Andrews,4,4,1952,RUSSIAN FEDERATION,Elaine.Andrews@suEx0zx08y3UM.edu
58822150,AAAAAAAAGAOIBIDA,Mrs.,Kimberly,Loper,7,2,1984,NIUE,Kimberly.Loper@oAZxKhBo.com
58822151,AAAAAAAAHAOIBIDA,Mrs.,Marylou,Howard,21,3,1991,CAPE VERDE,Marylou.Howard@MHLJKnSrEu3Aib8qXvFv.com
58822152,AAAAAAAAIAOIBIDA,Mr.,Jerry,Bryan,7,6,1968,MONGOLIA,Jerry.Bryan@rQG5.edu
58822153,AAAAAAAAJAOIBIDA,Dr.,Yolanda,Brewer,9,11,1941,ALBANIA,Yolanda.Brewer@F6erVt9jxB.org
58822154,AAAAAAAAKAOIBIDA,Dr.,Velma,Williams,28,2,1928,NETHERLANDS ANTILLES,Velma.Williams@hd.org
58822155,AAAAAAAALAOIBIDA,Sir,Mark,Yang,27,3,1941,PITCAIRN,Mark.Yang@ID.org
58822156,AAAAAAAAMAOIBIDA,Dr.,Linda,James,8,12,1941,MARSHALL ISLANDS,Linda.James@tHQO.com
58822157,AAAAAAAANAOIBIDA,Mr.,Dwayne,Ray,19,2,1947,MAURITANIA,Dwayne.Ray@k.org
58822158,AAAAAAAAOAOIBIDA,Miss,Susan,Smith,10,5,1958,IRAQ,Susan.Smith@fjb84OjoZXBSEjN.com
58822159,AAAAAAAAPAOIBIDA,Miss,Keely,George,4,6,1983,NEW ZEALAND,Keely.George@4myAez.org
58822160,AAAAAAAAABOIBIDA,Dr.,Joseph,Bostick,19,8,1929,GUAM,Joseph.Bostick@Cmp.org
58822161,AAAAAAAABBOIBIDA,Miss,,,,12,1980,,Brenda.Ramirez@KVZxcZxc.org
58822162,AAAAAAAACBOIBIDA,,Donald,Brown,3,6,,ISLE OF MAN,Donald.Brown@kD1fEn4uy5f.edu
58822163,AAAAAAAADBOIBIDA,Miss,Maggie,Payne,15,4,1991,BOLIVIA,Maggie.Payne@0mc.com
58822164,AAAAAAAAEBOIBIDA,Ms.,Geraldine,Walton,23,5,1933,GUERNSEY,Geraldine.Walton@hiMVeLAm.com
58822165,AAAAAAAAFBOIBIDA,Mrs.,April,Cason,12,8,1948,SOLOMON ISLANDS,April.Cason@S57hcNMRXp411Uy.edu
58822166,AAAAAAAAGBOIBIDA,Mr.,Sean,Mccormick,14,4,1972,KUWAIT,Sean.Mccormick@n.com
58822167,AAAAAAAAHBOIBIDA,Mr.,Phillip,Boucher,28,10,1971,GEORGIA,Phillip.Boucher@4N4gn8rb7j56xF42z.org
58822168,AAAAAAAAIBOIBIDA,Mr.,Phillip,Tate,24,12,1957,GHANA,Phillip.Tate@NZF.com
58822169,AAAAAAAAJBOIBIDA,Mr.,Mohamed,Corley,20,6,1938,BAHRAIN,Mohamed.Corley@bJ0vejPgO5.edu
58822170,AAAAAAAAKBOIBIDA,Mrs.,Susan,Daniel,6,5,1977,PERU,Susan.Daniel@M.com
58822171,AAAAAAAALBOIBIDA,,James,,,5,,,James.Hooper@QytFI.org
58822172,AAAAAAAAMBOIBIDA,Dr.,Ashley,Doty,21,10,1960,MACAO,Ashley.Doty@FlT1AX.edu
58822173,AAAAAAAANBOIBIDA,Dr.,Gilberto,Kim,1,3,1961,KUWAIT,Gilberto.Kim@aHzN97cCF.edu
58822174,AAAAAAAAOBOIBIDA,Mr.,Sean,Fisher,4,9,1936,MACAO,Sean.Fisher@Q0ZE7r1T.edu
58822175,AAAAAAAAPBOIBIDA,Dr.,Vivian,Ford,12,12,1948,GRENADA,Vivian.Ford@9D.org
58822176,AAAAAAAAACOIBIDA,Ms.,Irene,Maldonado,28,4,1980,ANDORRA,Irene.Maldonado@bbe.com
58822177,AAAAAAAABCOIBIDA,Mr.,Kevin,Thomson,20,2,1957,PAPUA NEW GUINEA,Kevin.Thomson@6ryiUh0YESC.com
58822178,AAAAAAAACCOIBIDA,Mr.,James,Capps,20,1,1956,MAYOTTE,James.Capps@y.edu
58822179,AAAAAAAADCOIBIDA,Miss,Donna,Small,16,2,1970,NORFOLK ISLAND,Donna.Small@t3f.edu
58822180,AAAAAAAAECOIBIDA,Miss,Laura,George,8,1,1927,MONGOLIA,Laura.George@0kDzDm.org
58822181,AAAAAAAAFCOIBIDA,Mr.,Willie,Foote,30,12,1956,BURUNDI,Willie.Foote@S6IUYTGuN2a0eruJX.com
58822182,AAAAAAAAGCOIBIDA,Mrs.,Pauline,Hernandez,21,4,1984,DOMINICA,Pauline.Hernandez@VO8OI6tSZIBGZu.org
58822183,AAAAAAAAHCOIBIDA,Sir,Bill,Sauls,23,4,1963,MOROCCO,Bill.Sauls@XVquTxB8zzk3Z.com
58822184,AAAAAAAAICOIBIDA,Ms.,,,,5,,,Vickey.Jensen@zxFomVPxvPh.com
58822185,AAAAAAAAJCOIBIDA,Mr.,Patrick,Mulkey,19,1,1948,CZECH REPUBLIC,Patrick.Mulkey@Jb4za.com
58822186,AAAAAAAAKCOIBIDA,Sir,Robert,Wall,9,8,1986,PANAMA,Robert.Wall@AxKjJ5gt4bH.com
58822187,AAAAAAAALCOIBIDA,Miss,Katherine,Jordan,25,2,1955,RWANDA,Katherine.Jordan@U3k8.org
58822188,AAAAAAAAMCOIBIDA,Dr.,Paul,Hewitt,29,6,1989,TOKELAU,Paul.Hewitt@UG2jm.com
58822189,AAAAAAAANCOIBIDA,Dr.,John,Stevens,18,2,1952,BOLIVIA,John.Stevens@vrQ8ef.edu
58822190,AAAAAAAAOCOIBIDA,Mr.,,Bateman,,9,,,
58822191,AAAAAAAAPCOIBIDA,Dr.,William,Epstein,15,12,1924,ARUBA,William.Epstein@0hHPBNxSQeE.org
58822192,AAAAAAAAADOIBIDA,Mr.,Harvey,Hansen,2,10,1970,GABON,Harvey.Hansen@TlPT.edu
58822193,AAAAAAAABDOIBIDA,,Krishna,,24,4,,HAITI,Krishna.Gallo@1Z40oz9pzyv.org
58822194,AAAAAAAACDOIBIDA,Mr.,Benjamin,Cason,27,10,1964,FIJI,Benjamin.Cason@qy3QzVBdvHzfce.com
58822195,AAAAAAAADDOIBIDA,Dr.,Jason,Becnel,18,4,1935,SLOVAKIA,Jason.Becnel@68xT.org
58822196,AAAAAAAAEDOIBIDA,Mr.,Rickey,Hamilton,7,6,1970,NEW ZEALAND,Rickey.Hamilton@sVa.com
58822197,AAAAAAAAFDOIBIDA,Sir,Leopoldo,Miller,6,5,1963,BELGIUM,Leopoldo.Miller@QJJI4rbxkf7MmL.edu
58822198,AAAAAAAAGDOIBIDA,Dr.,Michele,Morris,10,3,1950,CZECH REPUBLIC,Michele.Morris@TDndfyFMyc.com
58822199,AAAAAAAAHDOIBIDA,Sir,Maurice,King,14,2,1990,PUERTO RICO,Maurice.King@jMIKy.org
58822200,AAAAAAAAIDOIBIDA,Dr.,Alvin,Neal,1,11,1928,ETHIOPIA,Alvin.Neal@AJ5RlMzt.edu
58822201,AAAAAAAAJDOIBIDA,Mr.,Shannon,Pratt,4,3,1945,UKRAINE,Shannon.Pratt@ax.edu
58822202,AAAAAAAAKDOIBIDA,Ms.,Dori,Johnson,13,7,1938,WALLIS AND FUTUNA,Dori.Johnson@lhZ13ICbcsEaB0.com
58822203,AAAAAAAALDOIBIDA,Miss,Estella,Cole,2,1,1936,ARGENTINA,Estella.Cole@XQHdvFs9BG.org
58822204,AAAAAAAAMDOIBIDA,Dr.,,King,2,,1951,LUXEMBOURG,
58822205,AAAAAAAANDOIBIDA,Ms.,Linda,Marsh,28,12,1979,BRAZIL,Linda.Marsh@pit0xMdQNi.edu
58822206,AAAAAAAAODOIBIDA,Mr.,Timothy,Foy,11,6,1992,GUYANA,Timothy.Foy@xi1u.org
58822207,AAAAAAAAPDOIBIDA,Mrs.,Clarissa,Massie,31,7,1983,NETHERLANDS ANTILLES,Clarissa.Massie@9SXHyOqt8zu6uBtB.org
58822208,AAAAAAAAAEOIBIDA,Dr.,Christopher,Johnson,6,5,1933,CÃ”TE D'IVOIRE,Christopher.Johnson@yU4kz7Cr9QIMCfy2.edu
58822209,AAAAAAAABEOIBIDA,Dr.,Willie,Quintana,11,3,1985,NORWAY,Willie.Quintana@SNgQ5Xq0FT0j.org
58822210,AAAAAAAACEOIBIDA,Mr.,Delbert,Lindquist,3,8,1980,UNITED ARAB EMIRATES,Delbert.Lindquist@PhM7KoJ9BqNLSf2.org
58822211,AAAAAAAADEOIBIDA,Ms.,Sandra,Brunson,5,10,1930,GIBRALTAR,Sandra.Brunson@cuzdtvSxgj.edu
58822212,AAAAAAAAEEOIBIDA,Miss,April,Lawrence,22,2,1986,GUINEA,April.Lawrence@0R.org
58822213,AAAAAAAAFEOIBIDA,Mrs.,Sarah,Wilson,29,1,1934,ANGUILLA,Sarah.Wilson@xE.org
58822214,AAAAAAAAGEOIBIDA,Sir,Scotty,Mccain,27,1,1958,SINGAPORE,Scotty.Mccain@kzrD5dpCVHX.edu
58822215,AAAAAAAAHEOIBIDA,Dr.,Donald,Martin,11,9,1941,CAMEROON,Donald.Martin@sak0H.org
58822216,AAAAAAAAIEOIBIDA,Mr.,Juan,Stewart,15,1,1931,HONG KONG,Juan.Stewart@BMvA6qz.org
58822217,AAAAAAAAJEOIBIDA,Sir,Tyler,Gibbs,5,7,1954,SENEGAL,Tyler.Gibbs@TLLy7k.org
58822218,AAAAAAAAKEOIBIDA,Sir,Danny,Avery,10,2,1937,LESOTHO,Danny.Avery@eql8C.com
58822219,AAAAAAAALEOIBIDA,Sir,Earl,Davidson,1,10,1957,HONDURAS,Earl.Davidson@cVsZjDBOU.org
58822220,AAAAAAAAMEOIBIDA,Mr.,Ken,Ochoa,16,1,1932,GABON,Ken.Ochoa@PyHPqkc7sM.edu
58822221,AAAAAAAANEOIBIDA,Mrs.,Margaret,Cox,20,7,1985,SOUTH AFRICA,Margaret.Cox@s9LIOteDiy.org
58822222,AAAAAAAAOEOIBIDA,Miss,Mildred,Fowler,7,9,1929,BELARUS,Mildred.Fowler@Aeu3rZN.edu
58822223,AAAAAAAAPEOIBIDA,Mr.,Garrett,Payne,26,11,1938,GIBRALTAR,Garrett.Payne@KmJCHD.com
58822224,AAAAAAAAAFOIBIDA,Dr.,Fabian,Ramirez,1,5,1934,QATAR,Fabian.Ramirez@nsATxy.com
58822225,AAAAAAAABFOIBIDA,Ms.,Sonia,Murphy,28,7,1985,BOTSWANA,Sonia.Murphy@2G1tR20xmTfh.org
58822226,AAAAAAAACFOIBIDA,Ms.,Fatima,Gainey,9,5,1953,CAYMAN ISLANDS,Fatima.Gainey@GSSsEsQtnE9NOOM9iJ.edu
58822227,AAAAAAAADFOIBIDA,Mr.,Kenneth,Cole,22,7,1930,CROATIA,Kenneth.Cole@e0LehOAKaCfME.edu
58822228,AAAAAAAAEFOIBIDA,Sir,Fernando,Shirley,5,11,1940,"KOREA, REPUBLIC OF",Fernando.Shirley@eOdkKPYcYMVxP.edu
58822229,AAAAAAAAFFOIBIDA,Sir,John,Winn,24,5,1966,KYRGYZSTAN,John.Winn@9GvoKpq.edu
58822230,AAAAAAAAGFOIBIDA,Miss,Heather,Prescott,24,5,1953,URUGUAY,Heather.Prescott@eAzUy.com
58822231,AAAAAAAAHFOIBIDA,Dr.,Laine,Diamond,18,5,1988,MAURITANIA,Laine.Diamond@fQi9LPNzZvSLTro7.edu
58822232,AAAAAAAAIFOIBIDA,Dr.,William,Stewart,29,8,1971,TRINIDAD AND TOBAGO,William.Stewart@ma4DTR.org
58822233,AAAAAAAAJFOIBIDA,Mrs.,Jill,Juarez,2,3,1953,NAURU,Jill.Juarez@9d6Q21xOzS4.org
58822234,AAAAAAAAKFOIBIDA,Mrs.,Jo,Smith,15,12,1964,HONDURAS,Jo.Smith@O9jaA1b2fTIJCj4.com
58822235,AAAAAAAALFOIBIDA,Mrs.,Anna,Blount,18,5,1960,NIGER,Anna.Blount@1tzQVhSCsse7.edu
58822236,AAAAAAAAMFOIBIDA,Dr.,Danielle,Pagan,3,3,1976,NAURU,Danielle.Pagan@vN.org
58822237,AAAAAAAANFOIBIDA,Mrs.,Victoria,Dukes,18,8,1924,UNITED ARAB EMIRATES,Victoria.Dukes@k75kOPCkV.com
58822238,AAAAAAAAOFOIBIDA,Miss,Tina,Welch,12,9,1952,GUINEA,Tina.Welch@J1iMhq6mJZr.com
58822239,AAAAAAAAPFOIBIDA,Mr.,Douglas,Key,21,1,1966,GREENLAND,Douglas.Key@pRvJcEQEJ32.edu
58822240,AAAAAAAAAGOIBIDA,Mrs.,Marie,Weber,,8,1939,NETHERLANDS,
58822241,AAAAAAAABGOIBIDA,Dr.,Myrtle,Hays,26,11,1956,COSTA RICA,Myrtle.Hays@06rDOmuFP.org
58822242,AAAAAAAACGOIBIDA,Dr.,Keith,Elam,25,8,1931,NETHERLANDS ANTILLES,Keith.Elam@YYSeGuM.com
58822243,AAAAAAAADGOIBIDA,Mr.,Manuel,Arnold,23,3,1929,PORTUGAL,Manuel.Arnold@kigzp3C1.edu
58822244,AAAAAAAAEGOIBIDA,,,,19,6,,ANTARCTICA,Kelly.Barnett@1Db.org
58822245,AAAAAAAAFGOIBIDA,Mr.,Kenneth,Matson,24,12,1973,INDONESIA,Kenneth.Matson@0E.com
58822246,AAAAAAAAGGOIBIDA,Mr.,Jerome,Walker,17,8,1942,TURKMENISTAN,Jerome.Walker@BmxEODLRD.org
58822247,AAAAAAAAHGOIBIDA,Ms.,Teresa,Douglas,5,3,1926,PORTUGAL,Teresa.Douglas@3nedMDajahEKxk3.edu
58822248,AAAAAAAAIGOIBIDA,Ms.,Delinda,Sandoval,10,11,1926,SIERRA LEONE,Delinda.Sandoval@M8pTOtu5.com
58822249,AAAAAAAAJGOIBIDA,Sir,Thomas,Walton,16,6,1952,BAHRAIN,Thomas.Walton@pj9VKJl12L.edu
58822250,AAAAAAAAKGOIBIDA,Dr.,Linda,Goodwin,17,5,1933,LATVIA,Linda.Goodwin@GUXcHeAj1nYKXcXH.org
58822251,AAAAAAAALGOIBIDA,Sir,Mark,Merrill,20,12,1956,NORWAY,Mark.Merrill@cGdaG1AMzx4rq.org
58822252,AAAAAAAAMGOIBIDA,Mrs.,Cassandra,Jones,14,11,1987,NORWAY,Cassandra.Jones@nDxDaoCz7oBZ2qX.com
58822253,AAAAAAAANGOIBIDA,Mr.,Nicolas,Palmer,23,10,1956,GUADELOUPE,Nicolas.Palmer@euE3lTl6XloyGIp98.org
58822254,AAAAAAAAOGOIBIDA,Sir,Thomas,Vazquez,29,3,1938,CANADA,Thomas.Vazquez@H9Hc7LNZF.org
58822255,AAAAAAAAPGOIBIDA,Mrs.,Danielle,Obrien,1,2,1959,JAMAICA,Danielle.Obrien@3Ig5EoQY60inb25Fe.edu
58822256,AAAAAAAAAHOIBIDA,Sir,Eric,Fournier,7,3,1958,SOMALIA,Eric.Fournier@zZymes.org
58822257,AAAAAAAABHOIBIDA,Mr.,Charlie,Ruiz,12,4,1957,SAMOA,Charlie.Ruiz@pS.org
58822258,AAAAAAAACHOIBIDA,Dr.,Amber,Harness,27,2,1925,ERITREA,Amber.Harness@Cee.edu
58822259,AAAAAAAADHOIBIDA,Miss,Rose,King,10,7,1979,CHILE,Rose.King@EI6ABJE.com
58822260,AAAAAAAAEHOIBIDA,Dr.,Tony,Mathews,16,12,1979,LESOTHO,Tony.Mathews@1Rnl1cibuIZkx.edu
58822261,AAAAAAAAFHOIBIDA,Mrs.,Diana,Neely,26,10,1927,TUVALU,Diana.Neely@dVN5Je9y.edu
58822262,AAAAAAAAGHOIBIDA,Dr.,Marcus,Tyler,12,1,1991,TURKMENISTAN,Marcus.Tyler@dHa1eM4rv.org
58822263,AAAAAAAAHHOIBIDA,Mr.,,,,,,,David.Mcpherson@ZkihaJBpOr.com
58822264,AAAAAAAAIHOIBIDA,Ms.,Emma,White,28,8,1975,NICARAGUA,Emma.White@2MAVPZuhC3ozHxrv8s.org
58822265,AAAAAAAAJHOIBIDA,Mr.,David,Lee,30,6,1965,HUNGARY,David.Lee@QhV6vF0ank.edu
58822266,AAAAAAAAKHOIBIDA,Sir,Truman,Oliver,14,12,1948,BULGARIA,Truman.Oliver@ZFPPRJXXT.com
58822267,AAAAAAAALHOIBIDA,Miss,Marcella,Love,28,4,1986,ARMENIA,Marcella.Love@7.org
58822268,AAAAAAAAMHOIBIDA,Sir,Sam,Adkins,4,8,1986,SAN MARINO,Sam.Adkins@QdQvrlxZLm2D.com
58822269,AAAAAAAANHOIBIDA,Dr.,Betty,Hefner,28,9,1935,TOKELAU,Betty.Hefner@QugJDXhK1Rv97.edu
58822270,AAAAAAAAOHOIBIDA,Dr.,Rhonda,Beck,6,8,1990,ANGUILLA,Rhonda.Beck@IA.org
58822271,AAAAAAAAPHOIBIDA,Mr.,James,Summers,9,10,1942,ANGOLA,James.Summers@DeAmp9gxdnTXzPnk.org
58822272,AAAAAAAAAIOIBIDA,Sir,Peter,Bolton,10,1,1929,MONTSERRAT,Peter.Bolton@EU9AtPxZpQ4bsR.org
58822273,AAAAAAAABIOIBIDA,Dr.,Steve,Nolan,4,3,1946,MALTA,Steve.Nolan@LiC.org
